{"cameraMode":{"drawMode":0,"name":"Shaded","section":"Shading Mode"},"sceneLighting":true,"audioPlay":false,"sceneViewState":{"showFog":true,"showMaterialUpdate":false,"showSkybox":true,"showFlares":true,"showImageEffects":true,"showParticleSystems":true},"in2DMode":false,"pivot":{"x":335.9158020019531,"y":215.95018005371095,"z":26.336669921875},"rotation":{"x":-0.01530815102159977,"y":0.01109575480222702,"z":-0.00016987281560432166,"w":-0.9998213052749634},"size":186.43942260742188,"orthographic":false}