{"cameraMode":{"drawMode":0,"name":"Shaded","section":"Shading Mode"},"sceneLighting":true,"audioPlay":false,"sceneViewState":{"showFog":true,"showMaterialUpdate":false,"showSkybox":true,"showFlares":true,"showImageEffects":true,"showParticleSystems":true},"in2DMode":false,"pivot":{"x":556.0574951171875,"y":52.082489013671878,"z":0.0},"rotation":{"x":-0.21093693375587464,"y":0.14078225195407868,"z":-0.03071526437997818,"w":-0.9668207764625549},"size":92.17884063720703,"orthographic":false}